"","g","aRH","aHP","hRH","hHP","mH","mP","dR","dH","dP","K"
"1",1,0.1,0.1,0,10,0.04,0.08,5,0.01,0.1,20
"2",1,0.1,0.1,0,10,0.04,0.08,5,0.016551724137931,0.1,20
"3",1,0.1,0.1,0,10,0.04,0.08,5,0.0231034482758621,0.1,20
"4",1,0.1,0.1,0,10,0.04,0.08,5,0.0296551724137931,0.1,20
"5",1,0.1,0.1,0,10,0.04,0.08,5,0.0362068965517241,0.1,20
"6",1,0.1,0.1,0,10,0.04,0.08,5,0.0427586206896552,0.1,20
"7",1,0.1,0.1,0,10,0.04,0.08,5,0.0493103448275862,0.1,20
"8",1,0.1,0.1,0,10,0.04,0.08,5,0.0558620689655172,0.1,20
"9",1,0.1,0.1,0,10,0.04,0.08,5,0.0624137931034483,0.1,20
"10",1,0.1,0.1,0,10,0.04,0.08,5,0.0689655172413793,0.1,20
"11",1,0.1,0.1,0,10,0.04,0.08,5,0.0755172413793103,0.1,20
"12",1,0.1,0.1,0,10,0.04,0.08,5,0.0820689655172414,0.1,20
"13",1,0.1,0.1,0,10,0.04,0.08,5,0.0886206896551724,0.1,20
"14",1,0.1,0.1,0,10,0.04,0.08,5,0.0951724137931034,0.1,20
"15",1,0.1,0.1,0,10,0.04,0.08,5,0.101724137931034,0.1,20
"16",1,0.1,0.1,0,10,0.04,0.08,5,0.108275862068966,0.1,20
"17",1,0.1,0.1,0,10,0.04,0.08,5,0.114827586206897,0.1,20
"18",1,0.1,0.1,0,10,0.04,0.08,5,0.121379310344828,0.1,20
"19",1,0.1,0.1,0,10,0.04,0.08,5,0.127931034482759,0.1,20
"20",1,0.1,0.1,0,10,0.04,0.08,5,0.13448275862069,0.1,20
"21",1,0.1,0.1,0,10,0.04,0.08,5,0.141034482758621,0.1,20
"22",1,0.1,0.1,0,10,0.04,0.08,5,0.147586206896552,0.1,20
"23",1,0.1,0.1,0,10,0.04,0.08,5,0.154137931034483,0.1,20
"24",1,0.1,0.1,0,10,0.04,0.08,5,0.160689655172414,0.1,20
"25",1,0.1,0.1,0,10,0.04,0.08,5,0.167241379310345,0.1,20
"26",1,0.1,0.1,0,10,0.04,0.08,5,0.173793103448276,0.1,20
"27",1,0.1,0.1,0,10,0.04,0.08,5,0.180344827586207,0.1,20
"28",1,0.1,0.1,0,10,0.04,0.08,5,0.186896551724138,0.1,20
"29",1,0.1,0.1,0,10,0.04,0.08,5,0.193448275862069,0.1,20
"30",1,0.1,0.1,0,10,0.04,0.08,5,0.2,0.1,20
"31",1,0.1,0.1,0,10,0.04,0.08,5,0.01,0.1,15.2631578947368
"32",1,0.1,0.1,0,10,0.04,0.08,5,0.016551724137931,0.1,15.2631578947368
"33",1,0.1,0.1,0,10,0.04,0.08,5,0.0231034482758621,0.1,15.2631578947368
"34",1,0.1,0.1,0,10,0.04,0.08,5,0.0296551724137931,0.1,15.2631578947368
"35",1,0.1,0.1,0,10,0.04,0.08,5,0.0362068965517241,0.1,15.2631578947368
"36",1,0.1,0.1,0,10,0.04,0.08,5,0.0427586206896552,0.1,15.2631578947368
"37",1,0.1,0.1,0,10,0.04,0.08,5,0.0493103448275862,0.1,15.2631578947368
"38",1,0.1,0.1,0,10,0.04,0.08,5,0.0558620689655172,0.1,15.2631578947368
"39",1,0.1,0.1,0,10,0.04,0.08,5,0.0624137931034483,0.1,15.2631578947368
"40",1,0.1,0.1,0,10,0.04,0.08,5,0.0689655172413793,0.1,15.2631578947368
"41",1,0.1,0.1,0,10,0.04,0.08,5,0.0755172413793103,0.1,15.2631578947368
"42",1,0.1,0.1,0,10,0.04,0.08,5,0.0820689655172414,0.1,15.2631578947368
"43",1,0.1,0.1,0,10,0.04,0.08,5,0.0886206896551724,0.1,15.2631578947368
"44",1,0.1,0.1,0,10,0.04,0.08,5,0.0951724137931034,0.1,15.2631578947368
"45",1,0.1,0.1,0,10,0.04,0.08,5,0.101724137931034,0.1,15.2631578947368
"46",1,0.1,0.1,0,10,0.04,0.08,5,0.108275862068966,0.1,15.2631578947368
"47",1,0.1,0.1,0,10,0.04,0.08,5,0.114827586206897,0.1,15.2631578947368
"48",1,0.1,0.1,0,10,0.04,0.08,5,0.121379310344828,0.1,15.2631578947368
"49",1,0.1,0.1,0,10,0.04,0.08,5,0.127931034482759,0.1,15.2631578947368
"50",1,0.1,0.1,0,10,0.04,0.08,5,0.13448275862069,0.1,15.2631578947368
"51",1,0.1,0.1,0,10,0.04,0.08,5,0.141034482758621,0.1,15.2631578947368
"52",1,0.1,0.1,0,10,0.04,0.08,5,0.147586206896552,0.1,15.2631578947368
"53",1,0.1,0.1,0,10,0.04,0.08,5,0.154137931034483,0.1,15.2631578947368
"54",1,0.1,0.1,0,10,0.04,0.08,5,0.160689655172414,0.1,15.2631578947368
"55",1,0.1,0.1,0,10,0.04,0.08,5,0.167241379310345,0.1,15.2631578947368
"56",1,0.1,0.1,0,10,0.04,0.08,5,0.173793103448276,0.1,15.2631578947368
"57",1,0.1,0.1,0,10,0.04,0.08,5,0.180344827586207,0.1,15.2631578947368
"58",1,0.1,0.1,0,10,0.04,0.08,5,0.186896551724138,0.1,15.2631578947368
"59",1,0.1,0.1,0,10,0.04,0.08,5,0.193448275862069,0.1,15.2631578947368
"60",1,0.1,0.1,0,10,0.04,0.08,5,0.2,0.1,15.2631578947368
"61",1,0.1,0.1,0,10,0.04,0.08,5,0.01,0.1,12.3404255319149
"62",1,0.1,0.1,0,10,0.04,0.08,5,0.016551724137931,0.1,12.3404255319149
"63",1,0.1,0.1,0,10,0.04,0.08,5,0.0231034482758621,0.1,12.3404255319149
"64",1,0.1,0.1,0,10,0.04,0.08,5,0.0296551724137931,0.1,12.3404255319149
"65",1,0.1,0.1,0,10,0.04,0.08,5,0.0362068965517241,0.1,12.3404255319149
"66",1,0.1,0.1,0,10,0.04,0.08,5,0.0427586206896552,0.1,12.3404255319149
"67",1,0.1,0.1,0,10,0.04,0.08,5,0.0493103448275862,0.1,12.3404255319149
"68",1,0.1,0.1,0,10,0.04,0.08,5,0.0558620689655172,0.1,12.3404255319149
"69",1,0.1,0.1,0,10,0.04,0.08,5,0.0624137931034483,0.1,12.3404255319149
"70",1,0.1,0.1,0,10,0.04,0.08,5,0.0689655172413793,0.1,12.3404255319149
"71",1,0.1,0.1,0,10,0.04,0.08,5,0.0755172413793103,0.1,12.3404255319149
"72",1,0.1,0.1,0,10,0.04,0.08,5,0.0820689655172414,0.1,12.3404255319149
"73",1,0.1,0.1,0,10,0.04,0.08,5,0.0886206896551724,0.1,12.3404255319149
"74",1,0.1,0.1,0,10,0.04,0.08,5,0.0951724137931034,0.1,12.3404255319149
"75",1,0.1,0.1,0,10,0.04,0.08,5,0.101724137931034,0.1,12.3404255319149
"76",1,0.1,0.1,0,10,0.04,0.08,5,0.108275862068966,0.1,12.3404255319149
"77",1,0.1,0.1,0,10,0.04,0.08,5,0.114827586206897,0.1,12.3404255319149
"78",1,0.1,0.1,0,10,0.04,0.08,5,0.121379310344828,0.1,12.3404255319149
"79",1,0.1,0.1,0,10,0.04,0.08,5,0.127931034482759,0.1,12.3404255319149
"80",1,0.1,0.1,0,10,0.04,0.08,5,0.13448275862069,0.1,12.3404255319149
"81",1,0.1,0.1,0,10,0.04,0.08,5,0.141034482758621,0.1,12.3404255319149
"82",1,0.1,0.1,0,10,0.04,0.08,5,0.147586206896552,0.1,12.3404255319149
"83",1,0.1,0.1,0,10,0.04,0.08,5,0.154137931034483,0.1,12.3404255319149
"84",1,0.1,0.1,0,10,0.04,0.08,5,0.160689655172414,0.1,12.3404255319149
"85",1,0.1,0.1,0,10,0.04,0.08,5,0.167241379310345,0.1,12.3404255319149
"86",1,0.1,0.1,0,10,0.04,0.08,5,0.173793103448276,0.1,12.3404255319149
"87",1,0.1,0.1,0,10,0.04,0.08,5,0.180344827586207,0.1,12.3404255319149
"88",1,0.1,0.1,0,10,0.04,0.08,5,0.186896551724138,0.1,12.3404255319149
"89",1,0.1,0.1,0,10,0.04,0.08,5,0.193448275862069,0.1,12.3404255319149
"90",1,0.1,0.1,0,10,0.04,0.08,5,0.2,0.1,12.3404255319149
"91",1,0.1,0.1,0,10,0.04,0.08,5,0.01,0.1,10.3571428571429
"92",1,0.1,0.1,0,10,0.04,0.08,5,0.016551724137931,0.1,10.3571428571429
"93",1,0.1,0.1,0,10,0.04,0.08,5,0.0231034482758621,0.1,10.3571428571429
"94",1,0.1,0.1,0,10,0.04,0.08,5,0.0296551724137931,0.1,10.3571428571429
"95",1,0.1,0.1,0,10,0.04,0.08,5,0.0362068965517241,0.1,10.3571428571429
"96",1,0.1,0.1,0,10,0.04,0.08,5,0.0427586206896552,0.1,10.3571428571429
"97",1,0.1,0.1,0,10,0.04,0.08,5,0.0493103448275862,0.1,10.3571428571429
"98",1,0.1,0.1,0,10,0.04,0.08,5,0.0558620689655172,0.1,10.3571428571429
"99",1,0.1,0.1,0,10,0.04,0.08,5,0.0624137931034483,0.1,10.3571428571429
"100",1,0.1,0.1,0,10,0.04,0.08,5,0.0689655172413793,0.1,10.3571428571429
"101",1,0.1,0.1,0,10,0.04,0.08,5,0.0755172413793103,0.1,10.3571428571429
"102",1,0.1,0.1,0,10,0.04,0.08,5,0.0820689655172414,0.1,10.3571428571429
"103",1,0.1,0.1,0,10,0.04,0.08,5,0.0886206896551724,0.1,10.3571428571429
"104",1,0.1,0.1,0,10,0.04,0.08,5,0.0951724137931034,0.1,10.3571428571429
"105",1,0.1,0.1,0,10,0.04,0.08,5,0.101724137931034,0.1,10.3571428571429
"106",1,0.1,0.1,0,10,0.04,0.08,5,0.108275862068966,0.1,10.3571428571429
"107",1,0.1,0.1,0,10,0.04,0.08,5,0.114827586206897,0.1,10.3571428571429
"108",1,0.1,0.1,0,10,0.04,0.08,5,0.121379310344828,0.1,10.3571428571429
"109",1,0.1,0.1,0,10,0.04,0.08,5,0.127931034482759,0.1,10.3571428571429
"110",1,0.1,0.1,0,10,0.04,0.08,5,0.13448275862069,0.1,10.3571428571429
"111",1,0.1,0.1,0,10,0.04,0.08,5,0.141034482758621,0.1,10.3571428571429
"112",1,0.1,0.1,0,10,0.04,0.08,5,0.147586206896552,0.1,10.3571428571429
"113",1,0.1,0.1,0,10,0.04,0.08,5,0.154137931034483,0.1,10.3571428571429
"114",1,0.1,0.1,0,10,0.04,0.08,5,0.160689655172414,0.1,10.3571428571429
"115",1,0.1,0.1,0,10,0.04,0.08,5,0.167241379310345,0.1,10.3571428571429
"116",1,0.1,0.1,0,10,0.04,0.08,5,0.173793103448276,0.1,10.3571428571429
"117",1,0.1,0.1,0,10,0.04,0.08,5,0.180344827586207,0.1,10.3571428571429
"118",1,0.1,0.1,0,10,0.04,0.08,5,0.186896551724138,0.1,10.3571428571429
"119",1,0.1,0.1,0,10,0.04,0.08,5,0.193448275862069,0.1,10.3571428571429
"120",1,0.1,0.1,0,10,0.04,0.08,5,0.2,0.1,10.3571428571429
"121",1,0.1,0.1,0,10,0.04,0.08,5,0.01,0.1,8.92307692307692
"122",1,0.1,0.1,0,10,0.04,0.08,5,0.016551724137931,0.1,8.92307692307692
"123",1,0.1,0.1,0,10,0.04,0.08,5,0.0231034482758621,0.1,8.92307692307692
"124",1,0.1,0.1,0,10,0.04,0.08,5,0.0296551724137931,0.1,8.92307692307692
"125",1,0.1,0.1,0,10,0.04,0.08,5,0.0362068965517241,0.1,8.92307692307692
"126",1,0.1,0.1,0,10,0.04,0.08,5,0.0427586206896552,0.1,8.92307692307692
"127",1,0.1,0.1,0,10,0.04,0.08,5,0.0493103448275862,0.1,8.92307692307692
"128",1,0.1,0.1,0,10,0.04,0.08,5,0.0558620689655172,0.1,8.92307692307692
"129",1,0.1,0.1,0,10,0.04,0.08,5,0.0624137931034483,0.1,8.92307692307692
"130",1,0.1,0.1,0,10,0.04,0.08,5,0.0689655172413793,0.1,8.92307692307692
"131",1,0.1,0.1,0,10,0.04,0.08,5,0.0755172413793103,0.1,8.92307692307692
"132",1,0.1,0.1,0,10,0.04,0.08,5,0.0820689655172414,0.1,8.92307692307692
"133",1,0.1,0.1,0,10,0.04,0.08,5,0.0886206896551724,0.1,8.92307692307692
"134",1,0.1,0.1,0,10,0.04,0.08,5,0.0951724137931034,0.1,8.92307692307692
"135",1,0.1,0.1,0,10,0.04,0.08,5,0.101724137931034,0.1,8.92307692307692
"136",1,0.1,0.1,0,10,0.04,0.08,5,0.108275862068966,0.1,8.92307692307692
"137",1,0.1,0.1,0,10,0.04,0.08,5,0.114827586206897,0.1,8.92307692307692
"138",1,0.1,0.1,0,10,0.04,0.08,5,0.121379310344828,0.1,8.92307692307692
"139",1,0.1,0.1,0,10,0.04,0.08,5,0.127931034482759,0.1,8.92307692307692
"140",1,0.1,0.1,0,10,0.04,0.08,5,0.13448275862069,0.1,8.92307692307692
"141",1,0.1,0.1,0,10,0.04,0.08,5,0.141034482758621,0.1,8.92307692307692
"142",1,0.1,0.1,0,10,0.04,0.08,5,0.147586206896552,0.1,8.92307692307692
"143",1,0.1,0.1,0,10,0.04,0.08,5,0.154137931034483,0.1,8.92307692307692
"144",1,0.1,0.1,0,10,0.04,0.08,5,0.160689655172414,0.1,8.92307692307692
"145",1,0.1,0.1,0,10,0.04,0.08,5,0.167241379310345,0.1,8.92307692307692
"146",1,0.1,0.1,0,10,0.04,0.08,5,0.173793103448276,0.1,8.92307692307692
"147",1,0.1,0.1,0,10,0.04,0.08,5,0.180344827586207,0.1,8.92307692307692
"148",1,0.1,0.1,0,10,0.04,0.08,5,0.186896551724138,0.1,8.92307692307692
"149",1,0.1,0.1,0,10,0.04,0.08,5,0.193448275862069,0.1,8.92307692307692
"150",1,0.1,0.1,0,10,0.04,0.08,5,0.2,0.1,8.92307692307692
"151",1,0.1,0.1,0,10,0.04,0.08,5,0.01,0.1,7.83783783783784
"152",1,0.1,0.1,0,10,0.04,0.08,5,0.016551724137931,0.1,7.83783783783784
"153",1,0.1,0.1,0,10,0.04,0.08,5,0.0231034482758621,0.1,7.83783783783784
"154",1,0.1,0.1,0,10,0.04,0.08,5,0.0296551724137931,0.1,7.83783783783784
"155",1,0.1,0.1,0,10,0.04,0.08,5,0.0362068965517241,0.1,7.83783783783784
"156",1,0.1,0.1,0,10,0.04,0.08,5,0.0427586206896552,0.1,7.83783783783784
"157",1,0.1,0.1,0,10,0.04,0.08,5,0.0493103448275862,0.1,7.83783783783784
"158",1,0.1,0.1,0,10,0.04,0.08,5,0.0558620689655172,0.1,7.83783783783784
"159",1,0.1,0.1,0,10,0.04,0.08,5,0.0624137931034483,0.1,7.83783783783784
"160",1,0.1,0.1,0,10,0.04,0.08,5,0.0689655172413793,0.1,7.83783783783784
"161",1,0.1,0.1,0,10,0.04,0.08,5,0.0755172413793103,0.1,7.83783783783784
"162",1,0.1,0.1,0,10,0.04,0.08,5,0.0820689655172414,0.1,7.83783783783784
"163",1,0.1,0.1,0,10,0.04,0.08,5,0.0886206896551724,0.1,7.83783783783784
"164",1,0.1,0.1,0,10,0.04,0.08,5,0.0951724137931034,0.1,7.83783783783784
"165",1,0.1,0.1,0,10,0.04,0.08,5,0.101724137931034,0.1,7.83783783783784
"166",1,0.1,0.1,0,10,0.04,0.08,5,0.108275862068966,0.1,7.83783783783784
"167",1,0.1,0.1,0,10,0.04,0.08,5,0.114827586206897,0.1,7.83783783783784
"168",1,0.1,0.1,0,10,0.04,0.08,5,0.121379310344828,0.1,7.83783783783784
"169",1,0.1,0.1,0,10,0.04,0.08,5,0.127931034482759,0.1,7.83783783783784
"170",1,0.1,0.1,0,10,0.04,0.08,5,0.13448275862069,0.1,7.83783783783784
"171",1,0.1,0.1,0,10,0.04,0.08,5,0.141034482758621,0.1,7.83783783783784
"172",1,0.1,0.1,0,10,0.04,0.08,5,0.147586206896552,0.1,7.83783783783784
"173",1,0.1,0.1,0,10,0.04,0.08,5,0.154137931034483,0.1,7.83783783783784
"174",1,0.1,0.1,0,10,0.04,0.08,5,0.160689655172414,0.1,7.83783783783784
"175",1,0.1,0.1,0,10,0.04,0.08,5,0.167241379310345,0.1,7.83783783783784
"176",1,0.1,0.1,0,10,0.04,0.08,5,0.173793103448276,0.1,7.83783783783784
"177",1,0.1,0.1,0,10,0.04,0.08,5,0.180344827586207,0.1,7.83783783783784
"178",1,0.1,0.1,0,10,0.04,0.08,5,0.186896551724138,0.1,7.83783783783784
"179",1,0.1,0.1,0,10,0.04,0.08,5,0.193448275862069,0.1,7.83783783783784
"180",1,0.1,0.1,0,10,0.04,0.08,5,0.2,0.1,7.83783783783784
"181",1,0.1,0.1,0,10,0.04,0.08,5,0.01,0.1,6.98795180722892
"182",1,0.1,0.1,0,10,0.04,0.08,5,0.016551724137931,0.1,6.98795180722892
"183",1,0.1,0.1,0,10,0.04,0.08,5,0.0231034482758621,0.1,6.98795180722892
"184",1,0.1,0.1,0,10,0.04,0.08,5,0.0296551724137931,0.1,6.98795180722892
"185",1,0.1,0.1,0,10,0.04,0.08,5,0.0362068965517241,0.1,6.98795180722892
"186",1,0.1,0.1,0,10,0.04,0.08,5,0.0427586206896552,0.1,6.98795180722892
"187",1,0.1,0.1,0,10,0.04,0.08,5,0.0493103448275862,0.1,6.98795180722892
"188",1,0.1,0.1,0,10,0.04,0.08,5,0.0558620689655172,0.1,6.98795180722892
"189",1,0.1,0.1,0,10,0.04,0.08,5,0.0624137931034483,0.1,6.98795180722892
"190",1,0.1,0.1,0,10,0.04,0.08,5,0.0689655172413793,0.1,6.98795180722892
"191",1,0.1,0.1,0,10,0.04,0.08,5,0.0755172413793103,0.1,6.98795180722892
"192",1,0.1,0.1,0,10,0.04,0.08,5,0.0820689655172414,0.1,6.98795180722892
"193",1,0.1,0.1,0,10,0.04,0.08,5,0.0886206896551724,0.1,6.98795180722892
"194",1,0.1,0.1,0,10,0.04,0.08,5,0.0951724137931034,0.1,6.98795180722892
"195",1,0.1,0.1,0,10,0.04,0.08,5,0.101724137931034,0.1,6.98795180722892
"196",1,0.1,0.1,0,10,0.04,0.08,5,0.108275862068966,0.1,6.98795180722892
"197",1,0.1,0.1,0,10,0.04,0.08,5,0.114827586206897,0.1,6.98795180722892
"198",1,0.1,0.1,0,10,0.04,0.08,5,0.121379310344828,0.1,6.98795180722892
"199",1,0.1,0.1,0,10,0.04,0.08,5,0.127931034482759,0.1,6.98795180722892
"200",1,0.1,0.1,0,10,0.04,0.08,5,0.13448275862069,0.1,6.98795180722892
"201",1,0.1,0.1,0,10,0.04,0.08,5,0.141034482758621,0.1,6.98795180722892
"202",1,0.1,0.1,0,10,0.04,0.08,5,0.147586206896552,0.1,6.98795180722892
"203",1,0.1,0.1,0,10,0.04,0.08,5,0.154137931034483,0.1,6.98795180722892
"204",1,0.1,0.1,0,10,0.04,0.08,5,0.160689655172414,0.1,6.98795180722892
"205",1,0.1,0.1,0,10,0.04,0.08,5,0.167241379310345,0.1,6.98795180722892
"206",1,0.1,0.1,0,10,0.04,0.08,5,0.173793103448276,0.1,6.98795180722892
"207",1,0.1,0.1,0,10,0.04,0.08,5,0.180344827586207,0.1,6.98795180722892
"208",1,0.1,0.1,0,10,0.04,0.08,5,0.186896551724138,0.1,6.98795180722892
"209",1,0.1,0.1,0,10,0.04,0.08,5,0.193448275862069,0.1,6.98795180722892
"210",1,0.1,0.1,0,10,0.04,0.08,5,0.2,0.1,6.98795180722892
"211",1,0.1,0.1,0,10,0.04,0.08,5,0.01,0.1,6.30434782608696
"212",1,0.1,0.1,0,10,0.04,0.08,5,0.016551724137931,0.1,6.30434782608696
"213",1,0.1,0.1,0,10,0.04,0.08,5,0.0231034482758621,0.1,6.30434782608696
"214",1,0.1,0.1,0,10,0.04,0.08,5,0.0296551724137931,0.1,6.30434782608696
"215",1,0.1,0.1,0,10,0.04,0.08,5,0.0362068965517241,0.1,6.30434782608696
"216",1,0.1,0.1,0,10,0.04,0.08,5,0.0427586206896552,0.1,6.30434782608696
"217",1,0.1,0.1,0,10,0.04,0.08,5,0.0493103448275862,0.1,6.30434782608696
"218",1,0.1,0.1,0,10,0.04,0.08,5,0.0558620689655172,0.1,6.30434782608696
"219",1,0.1,0.1,0,10,0.04,0.08,5,0.0624137931034483,0.1,6.30434782608696
"220",1,0.1,0.1,0,10,0.04,0.08,5,0.0689655172413793,0.1,6.30434782608696
"221",1,0.1,0.1,0,10,0.04,0.08,5,0.0755172413793103,0.1,6.30434782608696
"222",1,0.1,0.1,0,10,0.04,0.08,5,0.0820689655172414,0.1,6.30434782608696
"223",1,0.1,0.1,0,10,0.04,0.08,5,0.0886206896551724,0.1,6.30434782608696
"224",1,0.1,0.1,0,10,0.04,0.08,5,0.0951724137931034,0.1,6.30434782608696
"225",1,0.1,0.1,0,10,0.04,0.08,5,0.101724137931034,0.1,6.30434782608696
"226",1,0.1,0.1,0,10,0.04,0.08,5,0.108275862068966,0.1,6.30434782608696
"227",1,0.1,0.1,0,10,0.04,0.08,5,0.114827586206897,0.1,6.30434782608696
"228",1,0.1,0.1,0,10,0.04,0.08,5,0.121379310344828,0.1,6.30434782608696
"229",1,0.1,0.1,0,10,0.04,0.08,5,0.127931034482759,0.1,6.30434782608696
"230",1,0.1,0.1,0,10,0.04,0.08,5,0.13448275862069,0.1,6.30434782608696
"231",1,0.1,0.1,0,10,0.04,0.08,5,0.141034482758621,0.1,6.30434782608696
"232",1,0.1,0.1,0,10,0.04,0.08,5,0.147586206896552,0.1,6.30434782608696
"233",1,0.1,0.1,0,10,0.04,0.08,5,0.154137931034483,0.1,6.30434782608696
"234",1,0.1,0.1,0,10,0.04,0.08,5,0.160689655172414,0.1,6.30434782608696
"235",1,0.1,0.1,0,10,0.04,0.08,5,0.167241379310345,0.1,6.30434782608696
"236",1,0.1,0.1,0,10,0.04,0.08,5,0.173793103448276,0.1,6.30434782608696
"237",1,0.1,0.1,0,10,0.04,0.08,5,0.180344827586207,0.1,6.30434782608696
"238",1,0.1,0.1,0,10,0.04,0.08,5,0.186896551724138,0.1,6.30434782608696
"239",1,0.1,0.1,0,10,0.04,0.08,5,0.193448275862069,0.1,6.30434782608696
"240",1,0.1,0.1,0,10,0.04,0.08,5,0.2,0.1,6.30434782608696
"241",1,0.1,0.1,0,10,0.04,0.08,5,0.01,0.1,5.74257425742574
"242",1,0.1,0.1,0,10,0.04,0.08,5,0.016551724137931,0.1,5.74257425742574
"243",1,0.1,0.1,0,10,0.04,0.08,5,0.0231034482758621,0.1,5.74257425742574
"244",1,0.1,0.1,0,10,0.04,0.08,5,0.0296551724137931,0.1,5.74257425742574
"245",1,0.1,0.1,0,10,0.04,0.08,5,0.0362068965517241,0.1,5.74257425742574
"246",1,0.1,0.1,0,10,0.04,0.08,5,0.0427586206896552,0.1,5.74257425742574
"247",1,0.1,0.1,0,10,0.04,0.08,5,0.0493103448275862,0.1,5.74257425742574
"248",1,0.1,0.1,0,10,0.04,0.08,5,0.0558620689655172,0.1,5.74257425742574
"249",1,0.1,0.1,0,10,0.04,0.08,5,0.0624137931034483,0.1,5.74257425742574
"250",1,0.1,0.1,0,10,0.04,0.08,5,0.0689655172413793,0.1,5.74257425742574
"251",1,0.1,0.1,0,10,0.04,0.08,5,0.0755172413793103,0.1,5.74257425742574
"252",1,0.1,0.1,0,10,0.04,0.08,5,0.0820689655172414,0.1,5.74257425742574
"253",1,0.1,0.1,0,10,0.04,0.08,5,0.0886206896551724,0.1,5.74257425742574
"254",1,0.1,0.1,0,10,0.04,0.08,5,0.0951724137931034,0.1,5.74257425742574
"255",1,0.1,0.1,0,10,0.04,0.08,5,0.101724137931034,0.1,5.74257425742574
"256",1,0.1,0.1,0,10,0.04,0.08,5,0.108275862068966,0.1,5.74257425742574
"257",1,0.1,0.1,0,10,0.04,0.08,5,0.114827586206897,0.1,5.74257425742574
"258",1,0.1,0.1,0,10,0.04,0.08,5,0.121379310344828,0.1,5.74257425742574
"259",1,0.1,0.1,0,10,0.04,0.08,5,0.127931034482759,0.1,5.74257425742574
"260",1,0.1,0.1,0,10,0.04,0.08,5,0.13448275862069,0.1,5.74257425742574
"261",1,0.1,0.1,0,10,0.04,0.08,5,0.141034482758621,0.1,5.74257425742574
"262",1,0.1,0.1,0,10,0.04,0.08,5,0.147586206896552,0.1,5.74257425742574
"263",1,0.1,0.1,0,10,0.04,0.08,5,0.154137931034483,0.1,5.74257425742574
"264",1,0.1,0.1,0,10,0.04,0.08,5,0.160689655172414,0.1,5.74257425742574
"265",1,0.1,0.1,0,10,0.04,0.08,5,0.167241379310345,0.1,5.74257425742574
"266",1,0.1,0.1,0,10,0.04,0.08,5,0.173793103448276,0.1,5.74257425742574
"267",1,0.1,0.1,0,10,0.04,0.08,5,0.180344827586207,0.1,5.74257425742574
"268",1,0.1,0.1,0,10,0.04,0.08,5,0.186896551724138,0.1,5.74257425742574
"269",1,0.1,0.1,0,10,0.04,0.08,5,0.193448275862069,0.1,5.74257425742574
"270",1,0.1,0.1,0,10,0.04,0.08,5,0.2,0.1,5.74257425742574
"271",1,0.1,0.1,0,10,0.04,0.08,5,0.01,0.1,5.27272727272727
"272",1,0.1,0.1,0,10,0.04,0.08,5,0.016551724137931,0.1,5.27272727272727
"273",1,0.1,0.1,0,10,0.04,0.08,5,0.0231034482758621,0.1,5.27272727272727
"274",1,0.1,0.1,0,10,0.04,0.08,5,0.0296551724137931,0.1,5.27272727272727
"275",1,0.1,0.1,0,10,0.04,0.08,5,0.0362068965517241,0.1,5.27272727272727
"276",1,0.1,0.1,0,10,0.04,0.08,5,0.0427586206896552,0.1,5.27272727272727
"277",1,0.1,0.1,0,10,0.04,0.08,5,0.0493103448275862,0.1,5.27272727272727
"278",1,0.1,0.1,0,10,0.04,0.08,5,0.0558620689655172,0.1,5.27272727272727
"279",1,0.1,0.1,0,10,0.04,0.08,5,0.0624137931034483,0.1,5.27272727272727
"280",1,0.1,0.1,0,10,0.04,0.08,5,0.0689655172413793,0.1,5.27272727272727
"281",1,0.1,0.1,0,10,0.04,0.08,5,0.0755172413793103,0.1,5.27272727272727
"282",1,0.1,0.1,0,10,0.04,0.08,5,0.0820689655172414,0.1,5.27272727272727
"283",1,0.1,0.1,0,10,0.04,0.08,5,0.0886206896551724,0.1,5.27272727272727
"284",1,0.1,0.1,0,10,0.04,0.08,5,0.0951724137931034,0.1,5.27272727272727
"285",1,0.1,0.1,0,10,0.04,0.08,5,0.101724137931034,0.1,5.27272727272727
"286",1,0.1,0.1,0,10,0.04,0.08,5,0.108275862068966,0.1,5.27272727272727
"287",1,0.1,0.1,0,10,0.04,0.08,5,0.114827586206897,0.1,5.27272727272727
"288",1,0.1,0.1,0,10,0.04,0.08,5,0.121379310344828,0.1,5.27272727272727
"289",1,0.1,0.1,0,10,0.04,0.08,5,0.127931034482759,0.1,5.27272727272727
"290",1,0.1,0.1,0,10,0.04,0.08,5,0.13448275862069,0.1,5.27272727272727
"291",1,0.1,0.1,0,10,0.04,0.08,5,0.141034482758621,0.1,5.27272727272727
"292",1,0.1,0.1,0,10,0.04,0.08,5,0.147586206896552,0.1,5.27272727272727
"293",1,0.1,0.1,0,10,0.04,0.08,5,0.154137931034483,0.1,5.27272727272727
"294",1,0.1,0.1,0,10,0.04,0.08,5,0.160689655172414,0.1,5.27272727272727
"295",1,0.1,0.1,0,10,0.04,0.08,5,0.167241379310345,0.1,5.27272727272727
"296",1,0.1,0.1,0,10,0.04,0.08,5,0.173793103448276,0.1,5.27272727272727
"297",1,0.1,0.1,0,10,0.04,0.08,5,0.180344827586207,0.1,5.27272727272727
"298",1,0.1,0.1,0,10,0.04,0.08,5,0.186896551724138,0.1,5.27272727272727
"299",1,0.1,0.1,0,10,0.04,0.08,5,0.193448275862069,0.1,5.27272727272727
"300",1,0.1,0.1,0,10,0.04,0.08,5,0.2,0.1,5.27272727272727
"301",1,0.1,0.1,0,10,0.04,0.08,5,0.01,0.1,4.87394957983193
"302",1,0.1,0.1,0,10,0.04,0.08,5,0.016551724137931,0.1,4.87394957983193
"303",1,0.1,0.1,0,10,0.04,0.08,5,0.0231034482758621,0.1,4.87394957983193
"304",1,0.1,0.1,0,10,0.04,0.08,5,0.0296551724137931,0.1,4.87394957983193
"305",1,0.1,0.1,0,10,0.04,0.08,5,0.0362068965517241,0.1,4.87394957983193
"306",1,0.1,0.1,0,10,0.04,0.08,5,0.0427586206896552,0.1,4.87394957983193
"307",1,0.1,0.1,0,10,0.04,0.08,5,0.0493103448275862,0.1,4.87394957983193
"308",1,0.1,0.1,0,10,0.04,0.08,5,0.0558620689655172,0.1,4.87394957983193
"309",1,0.1,0.1,0,10,0.04,0.08,5,0.0624137931034483,0.1,4.87394957983193
"310",1,0.1,0.1,0,10,0.04,0.08,5,0.0689655172413793,0.1,4.87394957983193
"311",1,0.1,0.1,0,10,0.04,0.08,5,0.0755172413793103,0.1,4.87394957983193
"312",1,0.1,0.1,0,10,0.04,0.08,5,0.0820689655172414,0.1,4.87394957983193
"313",1,0.1,0.1,0,10,0.04,0.08,5,0.0886206896551724,0.1,4.87394957983193
"314",1,0.1,0.1,0,10,0.04,0.08,5,0.0951724137931034,0.1,4.87394957983193
"315",1,0.1,0.1,0,10,0.04,0.08,5,0.101724137931034,0.1,4.87394957983193
"316",1,0.1,0.1,0,10,0.04,0.08,5,0.108275862068966,0.1,4.87394957983193
"317",1,0.1,0.1,0,10,0.04,0.08,5,0.114827586206897,0.1,4.87394957983193
"318",1,0.1,0.1,0,10,0.04,0.08,5,0.121379310344828,0.1,4.87394957983193
"319",1,0.1,0.1,0,10,0.04,0.08,5,0.127931034482759,0.1,4.87394957983193
"320",1,0.1,0.1,0,10,0.04,0.08,5,0.13448275862069,0.1,4.87394957983193
"321",1,0.1,0.1,0,10,0.04,0.08,5,0.141034482758621,0.1,4.87394957983193
"322",1,0.1,0.1,0,10,0.04,0.08,5,0.147586206896552,0.1,4.87394957983193
"323",1,0.1,0.1,0,10,0.04,0.08,5,0.154137931034483,0.1,4.87394957983193
"324",1,0.1,0.1,0,10,0.04,0.08,5,0.160689655172414,0.1,4.87394957983193
"325",1,0.1,0.1,0,10,0.04,0.08,5,0.167241379310345,0.1,4.87394957983193
"326",1,0.1,0.1,0,10,0.04,0.08,5,0.173793103448276,0.1,4.87394957983193
"327",1,0.1,0.1,0,10,0.04,0.08,5,0.180344827586207,0.1,4.87394957983193
"328",1,0.1,0.1,0,10,0.04,0.08,5,0.186896551724138,0.1,4.87394957983193
"329",1,0.1,0.1,0,10,0.04,0.08,5,0.193448275862069,0.1,4.87394957983193
"330",1,0.1,0.1,0,10,0.04,0.08,5,0.2,0.1,4.87394957983193
"331",1,0.1,0.1,0,10,0.04,0.08,5,0.01,0.1,4.53125
"332",1,0.1,0.1,0,10,0.04,0.08,5,0.016551724137931,0.1,4.53125
"333",1,0.1,0.1,0,10,0.04,0.08,5,0.0231034482758621,0.1,4.53125
"334",1,0.1,0.1,0,10,0.04,0.08,5,0.0296551724137931,0.1,4.53125
"335",1,0.1,0.1,0,10,0.04,0.08,5,0.0362068965517241,0.1,4.53125
"336",1,0.1,0.1,0,10,0.04,0.08,5,0.0427586206896552,0.1,4.53125
"337",1,0.1,0.1,0,10,0.04,0.08,5,0.0493103448275862,0.1,4.53125
"338",1,0.1,0.1,0,10,0.04,0.08,5,0.0558620689655172,0.1,4.53125
"339",1,0.1,0.1,0,10,0.04,0.08,5,0.0624137931034483,0.1,4.53125
"340",1,0.1,0.1,0,10,0.04,0.08,5,0.0689655172413793,0.1,4.53125
"341",1,0.1,0.1,0,10,0.04,0.08,5,0.0755172413793103,0.1,4.53125
"342",1,0.1,0.1,0,10,0.04,0.08,5,0.0820689655172414,0.1,4.53125
"343",1,0.1,0.1,0,10,0.04,0.08,5,0.0886206896551724,0.1,4.53125
"344",1,0.1,0.1,0,10,0.04,0.08,5,0.0951724137931034,0.1,4.53125
"345",1,0.1,0.1,0,10,0.04,0.08,5,0.101724137931034,0.1,4.53125
"346",1,0.1,0.1,0,10,0.04,0.08,5,0.108275862068966,0.1,4.53125
"347",1,0.1,0.1,0,10,0.04,0.08,5,0.114827586206897,0.1,4.53125
"348",1,0.1,0.1,0,10,0.04,0.08,5,0.121379310344828,0.1,4.53125
"349",1,0.1,0.1,0,10,0.04,0.08,5,0.127931034482759,0.1,4.53125
"350",1,0.1,0.1,0,10,0.04,0.08,5,0.13448275862069,0.1,4.53125
"351",1,0.1,0.1,0,10,0.04,0.08,5,0.141034482758621,0.1,4.53125
"352",1,0.1,0.1,0,10,0.04,0.08,5,0.147586206896552,0.1,4.53125
"353",1,0.1,0.1,0,10,0.04,0.08,5,0.154137931034483,0.1,4.53125
"354",1,0.1,0.1,0,10,0.04,0.08,5,0.160689655172414,0.1,4.53125
"355",1,0.1,0.1,0,10,0.04,0.08,5,0.167241379310345,0.1,4.53125
"356",1,0.1,0.1,0,10,0.04,0.08,5,0.173793103448276,0.1,4.53125
"357",1,0.1,0.1,0,10,0.04,0.08,5,0.180344827586207,0.1,4.53125
"358",1,0.1,0.1,0,10,0.04,0.08,5,0.186896551724138,0.1,4.53125
"359",1,0.1,0.1,0,10,0.04,0.08,5,0.193448275862069,0.1,4.53125
"360",1,0.1,0.1,0,10,0.04,0.08,5,0.2,0.1,4.53125
"361",1,0.1,0.1,0,10,0.04,0.08,5,0.01,0.1,4.23357664233577
"362",1,0.1,0.1,0,10,0.04,0.08,5,0.016551724137931,0.1,4.23357664233577
"363",1,0.1,0.1,0,10,0.04,0.08,5,0.0231034482758621,0.1,4.23357664233577
"364",1,0.1,0.1,0,10,0.04,0.08,5,0.0296551724137931,0.1,4.23357664233577
"365",1,0.1,0.1,0,10,0.04,0.08,5,0.0362068965517241,0.1,4.23357664233577
"366",1,0.1,0.1,0,10,0.04,0.08,5,0.0427586206896552,0.1,4.23357664233577
"367",1,0.1,0.1,0,10,0.04,0.08,5,0.0493103448275862,0.1,4.23357664233577
"368",1,0.1,0.1,0,10,0.04,0.08,5,0.0558620689655172,0.1,4.23357664233577
"369",1,0.1,0.1,0,10,0.04,0.08,5,0.0624137931034483,0.1,4.23357664233577
"370",1,0.1,0.1,0,10,0.04,0.08,5,0.0689655172413793,0.1,4.23357664233577
"371",1,0.1,0.1,0,10,0.04,0.08,5,0.0755172413793103,0.1,4.23357664233577
"372",1,0.1,0.1,0,10,0.04,0.08,5,0.0820689655172414,0.1,4.23357664233577
"373",1,0.1,0.1,0,10,0.04,0.08,5,0.0886206896551724,0.1,4.23357664233577
"374",1,0.1,0.1,0,10,0.04,0.08,5,0.0951724137931034,0.1,4.23357664233577
"375",1,0.1,0.1,0,10,0.04,0.08,5,0.101724137931034,0.1,4.23357664233577
"376",1,0.1,0.1,0,10,0.04,0.08,5,0.108275862068966,0.1,4.23357664233577
"377",1,0.1,0.1,0,10,0.04,0.08,5,0.114827586206897,0.1,4.23357664233577
"378",1,0.1,0.1,0,10,0.04,0.08,5,0.121379310344828,0.1,4.23357664233577
"379",1,0.1,0.1,0,10,0.04,0.08,5,0.127931034482759,0.1,4.23357664233577
"380",1,0.1,0.1,0,10,0.04,0.08,5,0.13448275862069,0.1,4.23357664233577
"381",1,0.1,0.1,0,10,0.04,0.08,5,0.141034482758621,0.1,4.23357664233577
"382",1,0.1,0.1,0,10,0.04,0.08,5,0.147586206896552,0.1,4.23357664233577
"383",1,0.1,0.1,0,10,0.04,0.08,5,0.154137931034483,0.1,4.23357664233577
"384",1,0.1,0.1,0,10,0.04,0.08,5,0.160689655172414,0.1,4.23357664233577
"385",1,0.1,0.1,0,10,0.04,0.08,5,0.167241379310345,0.1,4.23357664233577
"386",1,0.1,0.1,0,10,0.04,0.08,5,0.173793103448276,0.1,4.23357664233577
"387",1,0.1,0.1,0,10,0.04,0.08,5,0.180344827586207,0.1,4.23357664233577
"388",1,0.1,0.1,0,10,0.04,0.08,5,0.186896551724138,0.1,4.23357664233577
"389",1,0.1,0.1,0,10,0.04,0.08,5,0.193448275862069,0.1,4.23357664233577
"390",1,0.1,0.1,0,10,0.04,0.08,5,0.2,0.1,4.23357664233577
"391",1,0.1,0.1,0,10,0.04,0.08,5,0.01,0.1,3.97260273972603
"392",1,0.1,0.1,0,10,0.04,0.08,5,0.016551724137931,0.1,3.97260273972603
"393",1,0.1,0.1,0,10,0.04,0.08,5,0.0231034482758621,0.1,3.97260273972603
"394",1,0.1,0.1,0,10,0.04,0.08,5,0.0296551724137931,0.1,3.97260273972603
"395",1,0.1,0.1,0,10,0.04,0.08,5,0.0362068965517241,0.1,3.97260273972603
"396",1,0.1,0.1,0,10,0.04,0.08,5,0.0427586206896552,0.1,3.97260273972603
"397",1,0.1,0.1,0,10,0.04,0.08,5,0.0493103448275862,0.1,3.97260273972603
"398",1,0.1,0.1,0,10,0.04,0.08,5,0.0558620689655172,0.1,3.97260273972603
"399",1,0.1,0.1,0,10,0.04,0.08,5,0.0624137931034483,0.1,3.97260273972603
"400",1,0.1,0.1,0,10,0.04,0.08,5,0.0689655172413793,0.1,3.97260273972603
"401",1,0.1,0.1,0,10,0.04,0.08,5,0.0755172413793103,0.1,3.97260273972603
"402",1,0.1,0.1,0,10,0.04,0.08,5,0.0820689655172414,0.1,3.97260273972603
"403",1,0.1,0.1,0,10,0.04,0.08,5,0.0886206896551724,0.1,3.97260273972603
"404",1,0.1,0.1,0,10,0.04,0.08,5,0.0951724137931034,0.1,3.97260273972603
"405",1,0.1,0.1,0,10,0.04,0.08,5,0.101724137931034,0.1,3.97260273972603
"406",1,0.1,0.1,0,10,0.04,0.08,5,0.108275862068966,0.1,3.97260273972603
"407",1,0.1,0.1,0,10,0.04,0.08,5,0.114827586206897,0.1,3.97260273972603
"408",1,0.1,0.1,0,10,0.04,0.08,5,0.121379310344828,0.1,3.97260273972603
"409",1,0.1,0.1,0,10,0.04,0.08,5,0.127931034482759,0.1,3.97260273972603
"410",1,0.1,0.1,0,10,0.04,0.08,5,0.13448275862069,0.1,3.97260273972603
"411",1,0.1,0.1,0,10,0.04,0.08,5,0.141034482758621,0.1,3.97260273972603
"412",1,0.1,0.1,0,10,0.04,0.08,5,0.147586206896552,0.1,3.97260273972603
"413",1,0.1,0.1,0,10,0.04,0.08,5,0.154137931034483,0.1,3.97260273972603
"414",1,0.1,0.1,0,10,0.04,0.08,5,0.160689655172414,0.1,3.97260273972603
"415",1,0.1,0.1,0,10,0.04,0.08,5,0.167241379310345,0.1,3.97260273972603
"416",1,0.1,0.1,0,10,0.04,0.08,5,0.173793103448276,0.1,3.97260273972603
"417",1,0.1,0.1,0,10,0.04,0.08,5,0.180344827586207,0.1,3.97260273972603
"418",1,0.1,0.1,0,10,0.04,0.08,5,0.186896551724138,0.1,3.97260273972603
"419",1,0.1,0.1,0,10,0.04,0.08,5,0.193448275862069,0.1,3.97260273972603
"420",1,0.1,0.1,0,10,0.04,0.08,5,0.2,0.1,3.97260273972603
"421",1,0.1,0.1,0,10,0.04,0.08,5,0.01,0.1,3.74193548387097
"422",1,0.1,0.1,0,10,0.04,0.08,5,0.016551724137931,0.1,3.74193548387097
"423",1,0.1,0.1,0,10,0.04,0.08,5,0.0231034482758621,0.1,3.74193548387097
"424",1,0.1,0.1,0,10,0.04,0.08,5,0.0296551724137931,0.1,3.74193548387097
"425",1,0.1,0.1,0,10,0.04,0.08,5,0.0362068965517241,0.1,3.74193548387097
"426",1,0.1,0.1,0,10,0.04,0.08,5,0.0427586206896552,0.1,3.74193548387097
"427",1,0.1,0.1,0,10,0.04,0.08,5,0.0493103448275862,0.1,3.74193548387097
"428",1,0.1,0.1,0,10,0.04,0.08,5,0.0558620689655172,0.1,3.74193548387097
"429",1,0.1,0.1,0,10,0.04,0.08,5,0.0624137931034483,0.1,3.74193548387097
"430",1,0.1,0.1,0,10,0.04,0.08,5,0.0689655172413793,0.1,3.74193548387097
"431",1,0.1,0.1,0,10,0.04,0.08,5,0.0755172413793103,0.1,3.74193548387097
"432",1,0.1,0.1,0,10,0.04,0.08,5,0.0820689655172414,0.1,3.74193548387097
"433",1,0.1,0.1,0,10,0.04,0.08,5,0.0886206896551724,0.1,3.74193548387097
"434",1,0.1,0.1,0,10,0.04,0.08,5,0.0951724137931034,0.1,3.74193548387097
"435",1,0.1,0.1,0,10,0.04,0.08,5,0.101724137931034,0.1,3.74193548387097
"436",1,0.1,0.1,0,10,0.04,0.08,5,0.108275862068966,0.1,3.74193548387097
"437",1,0.1,0.1,0,10,0.04,0.08,5,0.114827586206897,0.1,3.74193548387097
"438",1,0.1,0.1,0,10,0.04,0.08,5,0.121379310344828,0.1,3.74193548387097
"439",1,0.1,0.1,0,10,0.04,0.08,5,0.127931034482759,0.1,3.74193548387097
"440",1,0.1,0.1,0,10,0.04,0.08,5,0.13448275862069,0.1,3.74193548387097
"441",1,0.1,0.1,0,10,0.04,0.08,5,0.141034482758621,0.1,3.74193548387097
"442",1,0.1,0.1,0,10,0.04,0.08,5,0.147586206896552,0.1,3.74193548387097
"443",1,0.1,0.1,0,10,0.04,0.08,5,0.154137931034483,0.1,3.74193548387097
"444",1,0.1,0.1,0,10,0.04,0.08,5,0.160689655172414,0.1,3.74193548387097
"445",1,0.1,0.1,0,10,0.04,0.08,5,0.167241379310345,0.1,3.74193548387097
"446",1,0.1,0.1,0,10,0.04,0.08,5,0.173793103448276,0.1,3.74193548387097
"447",1,0.1,0.1,0,10,0.04,0.08,5,0.180344827586207,0.1,3.74193548387097
"448",1,0.1,0.1,0,10,0.04,0.08,5,0.186896551724138,0.1,3.74193548387097
"449",1,0.1,0.1,0,10,0.04,0.08,5,0.193448275862069,0.1,3.74193548387097
"450",1,0.1,0.1,0,10,0.04,0.08,5,0.2,0.1,3.74193548387097
"451",1,0.1,0.1,0,10,0.04,0.08,5,0.01,0.1,3.53658536585366
"452",1,0.1,0.1,0,10,0.04,0.08,5,0.016551724137931,0.1,3.53658536585366
"453",1,0.1,0.1,0,10,0.04,0.08,5,0.0231034482758621,0.1,3.53658536585366
"454",1,0.1,0.1,0,10,0.04,0.08,5,0.0296551724137931,0.1,3.53658536585366
"455",1,0.1,0.1,0,10,0.04,0.08,5,0.0362068965517241,0.1,3.53658536585366
"456",1,0.1,0.1,0,10,0.04,0.08,5,0.0427586206896552,0.1,3.53658536585366
"457",1,0.1,0.1,0,10,0.04,0.08,5,0.0493103448275862,0.1,3.53658536585366
"458",1,0.1,0.1,0,10,0.04,0.08,5,0.0558620689655172,0.1,3.53658536585366
"459",1,0.1,0.1,0,10,0.04,0.08,5,0.0624137931034483,0.1,3.53658536585366
"460",1,0.1,0.1,0,10,0.04,0.08,5,0.0689655172413793,0.1,3.53658536585366
"461",1,0.1,0.1,0,10,0.04,0.08,5,0.0755172413793103,0.1,3.53658536585366
"462",1,0.1,0.1,0,10,0.04,0.08,5,0.0820689655172414,0.1,3.53658536585366
"463",1,0.1,0.1,0,10,0.04,0.08,5,0.0886206896551724,0.1,3.53658536585366
"464",1,0.1,0.1,0,10,0.04,0.08,5,0.0951724137931034,0.1,3.53658536585366
"465",1,0.1,0.1,0,10,0.04,0.08,5,0.101724137931034,0.1,3.53658536585366
"466",1,0.1,0.1,0,10,0.04,0.08,5,0.108275862068966,0.1,3.53658536585366
"467",1,0.1,0.1,0,10,0.04,0.08,5,0.114827586206897,0.1,3.53658536585366
"468",1,0.1,0.1,0,10,0.04,0.08,5,0.121379310344828,0.1,3.53658536585366
"469",1,0.1,0.1,0,10,0.04,0.08,5,0.127931034482759,0.1,3.53658536585366
"470",1,0.1,0.1,0,10,0.04,0.08,5,0.13448275862069,0.1,3.53658536585366
"471",1,0.1,0.1,0,10,0.04,0.08,5,0.141034482758621,0.1,3.53658536585366
"472",1,0.1,0.1,0,10,0.04,0.08,5,0.147586206896552,0.1,3.53658536585366
"473",1,0.1,0.1,0,10,0.04,0.08,5,0.154137931034483,0.1,3.53658536585366
"474",1,0.1,0.1,0,10,0.04,0.08,5,0.160689655172414,0.1,3.53658536585366
"475",1,0.1,0.1,0,10,0.04,0.08,5,0.167241379310345,0.1,3.53658536585366
"476",1,0.1,0.1,0,10,0.04,0.08,5,0.173793103448276,0.1,3.53658536585366
"477",1,0.1,0.1,0,10,0.04,0.08,5,0.180344827586207,0.1,3.53658536585366
"478",1,0.1,0.1,0,10,0.04,0.08,5,0.186896551724138,0.1,3.53658536585366
"479",1,0.1,0.1,0,10,0.04,0.08,5,0.193448275862069,0.1,3.53658536585366
"480",1,0.1,0.1,0,10,0.04,0.08,5,0.2,0.1,3.53658536585366
"481",1,0.1,0.1,0,10,0.04,0.08,5,0.01,0.1,3.35260115606936
"482",1,0.1,0.1,0,10,0.04,0.08,5,0.016551724137931,0.1,3.35260115606936
"483",1,0.1,0.1,0,10,0.04,0.08,5,0.0231034482758621,0.1,3.35260115606936
"484",1,0.1,0.1,0,10,0.04,0.08,5,0.0296551724137931,0.1,3.35260115606936
"485",1,0.1,0.1,0,10,0.04,0.08,5,0.0362068965517241,0.1,3.35260115606936
"486",1,0.1,0.1,0,10,0.04,0.08,5,0.0427586206896552,0.1,3.35260115606936
"487",1,0.1,0.1,0,10,0.04,0.08,5,0.0493103448275862,0.1,3.35260115606936
"488",1,0.1,0.1,0,10,0.04,0.08,5,0.0558620689655172,0.1,3.35260115606936
"489",1,0.1,0.1,0,10,0.04,0.08,5,0.0624137931034483,0.1,3.35260115606936
"490",1,0.1,0.1,0,10,0.04,0.08,5,0.0689655172413793,0.1,3.35260115606936
"491",1,0.1,0.1,0,10,0.04,0.08,5,0.0755172413793103,0.1,3.35260115606936
"492",1,0.1,0.1,0,10,0.04,0.08,5,0.0820689655172414,0.1,3.35260115606936
"493",1,0.1,0.1,0,10,0.04,0.08,5,0.0886206896551724,0.1,3.35260115606936
"494",1,0.1,0.1,0,10,0.04,0.08,5,0.0951724137931034,0.1,3.35260115606936
"495",1,0.1,0.1,0,10,0.04,0.08,5,0.101724137931034,0.1,3.35260115606936
"496",1,0.1,0.1,0,10,0.04,0.08,5,0.108275862068966,0.1,3.35260115606936
"497",1,0.1,0.1,0,10,0.04,0.08,5,0.114827586206897,0.1,3.35260115606936
"498",1,0.1,0.1,0,10,0.04,0.08,5,0.121379310344828,0.1,3.35260115606936
"499",1,0.1,0.1,0,10,0.04,0.08,5,0.127931034482759,0.1,3.35260115606936
"500",1,0.1,0.1,0,10,0.04,0.08,5,0.13448275862069,0.1,3.35260115606936
"501",1,0.1,0.1,0,10,0.04,0.08,5,0.141034482758621,0.1,3.35260115606936
"502",1,0.1,0.1,0,10,0.04,0.08,5,0.147586206896552,0.1,3.35260115606936
"503",1,0.1,0.1,0,10,0.04,0.08,5,0.154137931034483,0.1,3.35260115606936
"504",1,0.1,0.1,0,10,0.04,0.08,5,0.160689655172414,0.1,3.35260115606936
"505",1,0.1,0.1,0,10,0.04,0.08,5,0.167241379310345,0.1,3.35260115606936
"506",1,0.1,0.1,0,10,0.04,0.08,5,0.173793103448276,0.1,3.35260115606936
"507",1,0.1,0.1,0,10,0.04,0.08,5,0.180344827586207,0.1,3.35260115606936
"508",1,0.1,0.1,0,10,0.04,0.08,5,0.186896551724138,0.1,3.35260115606936
"509",1,0.1,0.1,0,10,0.04,0.08,5,0.193448275862069,0.1,3.35260115606936
"510",1,0.1,0.1,0,10,0.04,0.08,5,0.2,0.1,3.35260115606936
"511",1,0.1,0.1,0,10,0.04,0.08,5,0.01,0.1,3.18681318681319
"512",1,0.1,0.1,0,10,0.04,0.08,5,0.016551724137931,0.1,3.18681318681319
"513",1,0.1,0.1,0,10,0.04,0.08,5,0.0231034482758621,0.1,3.18681318681319
"514",1,0.1,0.1,0,10,0.04,0.08,5,0.0296551724137931,0.1,3.18681318681319
"515",1,0.1,0.1,0,10,0.04,0.08,5,0.0362068965517241,0.1,3.18681318681319
"516",1,0.1,0.1,0,10,0.04,0.08,5,0.0427586206896552,0.1,3.18681318681319
"517",1,0.1,0.1,0,10,0.04,0.08,5,0.0493103448275862,0.1,3.18681318681319
"518",1,0.1,0.1,0,10,0.04,0.08,5,0.0558620689655172,0.1,3.18681318681319
"519",1,0.1,0.1,0,10,0.04,0.08,5,0.0624137931034483,0.1,3.18681318681319
"520",1,0.1,0.1,0,10,0.04,0.08,5,0.0689655172413793,0.1,3.18681318681319
"521",1,0.1,0.1,0,10,0.04,0.08,5,0.0755172413793103,0.1,3.18681318681319
"522",1,0.1,0.1,0,10,0.04,0.08,5,0.0820689655172414,0.1,3.18681318681319
"523",1,0.1,0.1,0,10,0.04,0.08,5,0.0886206896551724,0.1,3.18681318681319
"524",1,0.1,0.1,0,10,0.04,0.08,5,0.0951724137931034,0.1,3.18681318681319
"525",1,0.1,0.1,0,10,0.04,0.08,5,0.101724137931034,0.1,3.18681318681319
"526",1,0.1,0.1,0,10,0.04,0.08,5,0.108275862068966,0.1,3.18681318681319
"527",1,0.1,0.1,0,10,0.04,0.08,5,0.114827586206897,0.1,3.18681318681319
"528",1,0.1,0.1,0,10,0.04,0.08,5,0.121379310344828,0.1,3.18681318681319
"529",1,0.1,0.1,0,10,0.04,0.08,5,0.127931034482759,0.1,3.18681318681319
"530",1,0.1,0.1,0,10,0.04,0.08,5,0.13448275862069,0.1,3.18681318681319
"531",1,0.1,0.1,0,10,0.04,0.08,5,0.141034482758621,0.1,3.18681318681319
"532",1,0.1,0.1,0,10,0.04,0.08,5,0.147586206896552,0.1,3.18681318681319
"533",1,0.1,0.1,0,10,0.04,0.08,5,0.154137931034483,0.1,3.18681318681319
"534",1,0.1,0.1,0,10,0.04,0.08,5,0.160689655172414,0.1,3.18681318681319
"535",1,0.1,0.1,0,10,0.04,0.08,5,0.167241379310345,0.1,3.18681318681319
"536",1,0.1,0.1,0,10,0.04,0.08,5,0.173793103448276,0.1,3.18681318681319
"537",1,0.1,0.1,0,10,0.04,0.08,5,0.180344827586207,0.1,3.18681318681319
"538",1,0.1,0.1,0,10,0.04,0.08,5,0.186896551724138,0.1,3.18681318681319
"539",1,0.1,0.1,0,10,0.04,0.08,5,0.193448275862069,0.1,3.18681318681319
"540",1,0.1,0.1,0,10,0.04,0.08,5,0.2,0.1,3.18681318681319
"541",1,0.1,0.1,0,10,0.04,0.08,5,0.01,0.1,3.03664921465969
"542",1,0.1,0.1,0,10,0.04,0.08,5,0.016551724137931,0.1,3.03664921465969
"543",1,0.1,0.1,0,10,0.04,0.08,5,0.0231034482758621,0.1,3.03664921465969
"544",1,0.1,0.1,0,10,0.04,0.08,5,0.0296551724137931,0.1,3.03664921465969
"545",1,0.1,0.1,0,10,0.04,0.08,5,0.0362068965517241,0.1,3.03664921465969
"546",1,0.1,0.1,0,10,0.04,0.08,5,0.0427586206896552,0.1,3.03664921465969
"547",1,0.1,0.1,0,10,0.04,0.08,5,0.0493103448275862,0.1,3.03664921465969
"548",1,0.1,0.1,0,10,0.04,0.08,5,0.0558620689655172,0.1,3.03664921465969
"549",1,0.1,0.1,0,10,0.04,0.08,5,0.0624137931034483,0.1,3.03664921465969
"550",1,0.1,0.1,0,10,0.04,0.08,5,0.0689655172413793,0.1,3.03664921465969
"551",1,0.1,0.1,0,10,0.04,0.08,5,0.0755172413793103,0.1,3.03664921465969
"552",1,0.1,0.1,0,10,0.04,0.08,5,0.0820689655172414,0.1,3.03664921465969
"553",1,0.1,0.1,0,10,0.04,0.08,5,0.0886206896551724,0.1,3.03664921465969
"554",1,0.1,0.1,0,10,0.04,0.08,5,0.0951724137931034,0.1,3.03664921465969
"555",1,0.1,0.1,0,10,0.04,0.08,5,0.101724137931034,0.1,3.03664921465969
"556",1,0.1,0.1,0,10,0.04,0.08,5,0.108275862068966,0.1,3.03664921465969
"557",1,0.1,0.1,0,10,0.04,0.08,5,0.114827586206897,0.1,3.03664921465969
"558",1,0.1,0.1,0,10,0.04,0.08,5,0.121379310344828,0.1,3.03664921465969
"559",1,0.1,0.1,0,10,0.04,0.08,5,0.127931034482759,0.1,3.03664921465969
"560",1,0.1,0.1,0,10,0.04,0.08,5,0.13448275862069,0.1,3.03664921465969
"561",1,0.1,0.1,0,10,0.04,0.08,5,0.141034482758621,0.1,3.03664921465969
"562",1,0.1,0.1,0,10,0.04,0.08,5,0.147586206896552,0.1,3.03664921465969
"563",1,0.1,0.1,0,10,0.04,0.08,5,0.154137931034483,0.1,3.03664921465969
"564",1,0.1,0.1,0,10,0.04,0.08,5,0.160689655172414,0.1,3.03664921465969
"565",1,0.1,0.1,0,10,0.04,0.08,5,0.167241379310345,0.1,3.03664921465969
"566",1,0.1,0.1,0,10,0.04,0.08,5,0.173793103448276,0.1,3.03664921465969
"567",1,0.1,0.1,0,10,0.04,0.08,5,0.180344827586207,0.1,3.03664921465969
"568",1,0.1,0.1,0,10,0.04,0.08,5,0.186896551724138,0.1,3.03664921465969
"569",1,0.1,0.1,0,10,0.04,0.08,5,0.193448275862069,0.1,3.03664921465969
"570",1,0.1,0.1,0,10,0.04,0.08,5,0.2,0.1,3.03664921465969
"571",1,0.1,0.1,0,10,0.04,0.08,5,0.01,0.1,2.9
"572",1,0.1,0.1,0,10,0.04,0.08,5,0.016551724137931,0.1,2.9
"573",1,0.1,0.1,0,10,0.04,0.08,5,0.0231034482758621,0.1,2.9
"574",1,0.1,0.1,0,10,0.04,0.08,5,0.0296551724137931,0.1,2.9
"575",1,0.1,0.1,0,10,0.04,0.08,5,0.0362068965517241,0.1,2.9
"576",1,0.1,0.1,0,10,0.04,0.08,5,0.0427586206896552,0.1,2.9
"577",1,0.1,0.1,0,10,0.04,0.08,5,0.0493103448275862,0.1,2.9
"578",1,0.1,0.1,0,10,0.04,0.08,5,0.0558620689655172,0.1,2.9
"579",1,0.1,0.1,0,10,0.04,0.08,5,0.0624137931034483,0.1,2.9
"580",1,0.1,0.1,0,10,0.04,0.08,5,0.0689655172413793,0.1,2.9
"581",1,0.1,0.1,0,10,0.04,0.08,5,0.0755172413793103,0.1,2.9
"582",1,0.1,0.1,0,10,0.04,0.08,5,0.0820689655172414,0.1,2.9
"583",1,0.1,0.1,0,10,0.04,0.08,5,0.0886206896551724,0.1,2.9
"584",1,0.1,0.1,0,10,0.04,0.08,5,0.0951724137931034,0.1,2.9
"585",1,0.1,0.1,0,10,0.04,0.08,5,0.101724137931034,0.1,2.9
"586",1,0.1,0.1,0,10,0.04,0.08,5,0.108275862068966,0.1,2.9
"587",1,0.1,0.1,0,10,0.04,0.08,5,0.114827586206897,0.1,2.9
"588",1,0.1,0.1,0,10,0.04,0.08,5,0.121379310344828,0.1,2.9
"589",1,0.1,0.1,0,10,0.04,0.08,5,0.127931034482759,0.1,2.9
"590",1,0.1,0.1,0,10,0.04,0.08,5,0.13448275862069,0.1,2.9
"591",1,0.1,0.1,0,10,0.04,0.08,5,0.141034482758621,0.1,2.9
"592",1,0.1,0.1,0,10,0.04,0.08,5,0.147586206896552,0.1,2.9
"593",1,0.1,0.1,0,10,0.04,0.08,5,0.154137931034483,0.1,2.9
"594",1,0.1,0.1,0,10,0.04,0.08,5,0.160689655172414,0.1,2.9
"595",1,0.1,0.1,0,10,0.04,0.08,5,0.167241379310345,0.1,2.9
"596",1,0.1,0.1,0,10,0.04,0.08,5,0.173793103448276,0.1,2.9
"597",1,0.1,0.1,0,10,0.04,0.08,5,0.180344827586207,0.1,2.9
"598",1,0.1,0.1,0,10,0.04,0.08,5,0.186896551724138,0.1,2.9
"599",1,0.1,0.1,0,10,0.04,0.08,5,0.193448275862069,0.1,2.9
"600",1,0.1,0.1,0,10,0.04,0.08,5,0.2,0.1,2.9
"601",1,0.1,0.1,0,10,0.04,0.08,5,0.01,0.1,2.77511961722488
"602",1,0.1,0.1,0,10,0.04,0.08,5,0.016551724137931,0.1,2.77511961722488
"603",1,0.1,0.1,0,10,0.04,0.08,5,0.0231034482758621,0.1,2.77511961722488
"604",1,0.1,0.1,0,10,0.04,0.08,5,0.0296551724137931,0.1,2.77511961722488
"605",1,0.1,0.1,0,10,0.04,0.08,5,0.0362068965517241,0.1,2.77511961722488
"606",1,0.1,0.1,0,10,0.04,0.08,5,0.0427586206896552,0.1,2.77511961722488
"607",1,0.1,0.1,0,10,0.04,0.08,5,0.0493103448275862,0.1,2.77511961722488
"608",1,0.1,0.1,0,10,0.04,0.08,5,0.0558620689655172,0.1,2.77511961722488
"609",1,0.1,0.1,0,10,0.04,0.08,5,0.0624137931034483,0.1,2.77511961722488
"610",1,0.1,0.1,0,10,0.04,0.08,5,0.0689655172413793,0.1,2.77511961722488
"611",1,0.1,0.1,0,10,0.04,0.08,5,0.0755172413793103,0.1,2.77511961722488
"612",1,0.1,0.1,0,10,0.04,0.08,5,0.0820689655172414,0.1,2.77511961722488
"613",1,0.1,0.1,0,10,0.04,0.08,5,0.0886206896551724,0.1,2.77511961722488
"614",1,0.1,0.1,0,10,0.04,0.08,5,0.0951724137931034,0.1,2.77511961722488
"615",1,0.1,0.1,0,10,0.04,0.08,5,0.101724137931034,0.1,2.77511961722488
"616",1,0.1,0.1,0,10,0.04,0.08,5,0.108275862068966,0.1,2.77511961722488
"617",1,0.1,0.1,0,10,0.04,0.08,5,0.114827586206897,0.1,2.77511961722488
"618",1,0.1,0.1,0,10,0.04,0.08,5,0.121379310344828,0.1,2.77511961722488
"619",1,0.1,0.1,0,10,0.04,0.08,5,0.127931034482759,0.1,2.77511961722488
"620",1,0.1,0.1,0,10,0.04,0.08,5,0.13448275862069,0.1,2.77511961722488
"621",1,0.1,0.1,0,10,0.04,0.08,5,0.141034482758621,0.1,2.77511961722488
"622",1,0.1,0.1,0,10,0.04,0.08,5,0.147586206896552,0.1,2.77511961722488
"623",1,0.1,0.1,0,10,0.04,0.08,5,0.154137931034483,0.1,2.77511961722488
"624",1,0.1,0.1,0,10,0.04,0.08,5,0.160689655172414,0.1,2.77511961722488
"625",1,0.1,0.1,0,10,0.04,0.08,5,0.167241379310345,0.1,2.77511961722488
"626",1,0.1,0.1,0,10,0.04,0.08,5,0.173793103448276,0.1,2.77511961722488
"627",1,0.1,0.1,0,10,0.04,0.08,5,0.180344827586207,0.1,2.77511961722488
"628",1,0.1,0.1,0,10,0.04,0.08,5,0.186896551724138,0.1,2.77511961722488
"629",1,0.1,0.1,0,10,0.04,0.08,5,0.193448275862069,0.1,2.77511961722488
"630",1,0.1,0.1,0,10,0.04,0.08,5,0.2,0.1,2.77511961722488
"631",1,0.1,0.1,0,10,0.04,0.08,5,0.01,0.1,2.6605504587156
"632",1,0.1,0.1,0,10,0.04,0.08,5,0.016551724137931,0.1,2.6605504587156
"633",1,0.1,0.1,0,10,0.04,0.08,5,0.0231034482758621,0.1,2.6605504587156
"634",1,0.1,0.1,0,10,0.04,0.08,5,0.0296551724137931,0.1,2.6605504587156
"635",1,0.1,0.1,0,10,0.04,0.08,5,0.0362068965517241,0.1,2.6605504587156
"636",1,0.1,0.1,0,10,0.04,0.08,5,0.0427586206896552,0.1,2.6605504587156
"637",1,0.1,0.1,0,10,0.04,0.08,5,0.0493103448275862,0.1,2.6605504587156
"638",1,0.1,0.1,0,10,0.04,0.08,5,0.0558620689655172,0.1,2.6605504587156
"639",1,0.1,0.1,0,10,0.04,0.08,5,0.0624137931034483,0.1,2.6605504587156
"640",1,0.1,0.1,0,10,0.04,0.08,5,0.0689655172413793,0.1,2.6605504587156
"641",1,0.1,0.1,0,10,0.04,0.08,5,0.0755172413793103,0.1,2.6605504587156
"642",1,0.1,0.1,0,10,0.04,0.08,5,0.0820689655172414,0.1,2.6605504587156
"643",1,0.1,0.1,0,10,0.04,0.08,5,0.0886206896551724,0.1,2.6605504587156
"644",1,0.1,0.1,0,10,0.04,0.08,5,0.0951724137931034,0.1,2.6605504587156
"645",1,0.1,0.1,0,10,0.04,0.08,5,0.101724137931034,0.1,2.6605504587156
"646",1,0.1,0.1,0,10,0.04,0.08,5,0.108275862068966,0.1,2.6605504587156
"647",1,0.1,0.1,0,10,0.04,0.08,5,0.114827586206897,0.1,2.6605504587156
"648",1,0.1,0.1,0,10,0.04,0.08,5,0.121379310344828,0.1,2.6605504587156
"649",1,0.1,0.1,0,10,0.04,0.08,5,0.127931034482759,0.1,2.6605504587156
"650",1,0.1,0.1,0,10,0.04,0.08,5,0.13448275862069,0.1,2.6605504587156
"651",1,0.1,0.1,0,10,0.04,0.08,5,0.141034482758621,0.1,2.6605504587156
"652",1,0.1,0.1,0,10,0.04,0.08,5,0.147586206896552,0.1,2.6605504587156
"653",1,0.1,0.1,0,10,0.04,0.08,5,0.154137931034483,0.1,2.6605504587156
"654",1,0.1,0.1,0,10,0.04,0.08,5,0.160689655172414,0.1,2.6605504587156
"655",1,0.1,0.1,0,10,0.04,0.08,5,0.167241379310345,0.1,2.6605504587156
"656",1,0.1,0.1,0,10,0.04,0.08,5,0.173793103448276,0.1,2.6605504587156
"657",1,0.1,0.1,0,10,0.04,0.08,5,0.180344827586207,0.1,2.6605504587156
"658",1,0.1,0.1,0,10,0.04,0.08,5,0.186896551724138,0.1,2.6605504587156
"659",1,0.1,0.1,0,10,0.04,0.08,5,0.193448275862069,0.1,2.6605504587156
"660",1,0.1,0.1,0,10,0.04,0.08,5,0.2,0.1,2.6605504587156
"661",1,0.1,0.1,0,10,0.04,0.08,5,0.01,0.1,2.55506607929515
"662",1,0.1,0.1,0,10,0.04,0.08,5,0.016551724137931,0.1,2.55506607929515
"663",1,0.1,0.1,0,10,0.04,0.08,5,0.0231034482758621,0.1,2.55506607929515
"664",1,0.1,0.1,0,10,0.04,0.08,5,0.0296551724137931,0.1,2.55506607929515
"665",1,0.1,0.1,0,10,0.04,0.08,5,0.0362068965517241,0.1,2.55506607929515
"666",1,0.1,0.1,0,10,0.04,0.08,5,0.0427586206896552,0.1,2.55506607929515
"667",1,0.1,0.1,0,10,0.04,0.08,5,0.0493103448275862,0.1,2.55506607929515
"668",1,0.1,0.1,0,10,0.04,0.08,5,0.0558620689655172,0.1,2.55506607929515
"669",1,0.1,0.1,0,10,0.04,0.08,5,0.0624137931034483,0.1,2.55506607929515
"670",1,0.1,0.1,0,10,0.04,0.08,5,0.0689655172413793,0.1,2.55506607929515
"671",1,0.1,0.1,0,10,0.04,0.08,5,0.0755172413793103,0.1,2.55506607929515
"672",1,0.1,0.1,0,10,0.04,0.08,5,0.0820689655172414,0.1,2.55506607929515
"673",1,0.1,0.1,0,10,0.04,0.08,5,0.0886206896551724,0.1,2.55506607929515
"674",1,0.1,0.1,0,10,0.04,0.08,5,0.0951724137931034,0.1,2.55506607929515
"675",1,0.1,0.1,0,10,0.04,0.08,5,0.101724137931034,0.1,2.55506607929515
"676",1,0.1,0.1,0,10,0.04,0.08,5,0.108275862068966,0.1,2.55506607929515
"677",1,0.1,0.1,0,10,0.04,0.08,5,0.114827586206897,0.1,2.55506607929515
"678",1,0.1,0.1,0,10,0.04,0.08,5,0.121379310344828,0.1,2.55506607929515
"679",1,0.1,0.1,0,10,0.04,0.08,5,0.127931034482759,0.1,2.55506607929515
"680",1,0.1,0.1,0,10,0.04,0.08,5,0.13448275862069,0.1,2.55506607929515
"681",1,0.1,0.1,0,10,0.04,0.08,5,0.141034482758621,0.1,2.55506607929515
"682",1,0.1,0.1,0,10,0.04,0.08,5,0.147586206896552,0.1,2.55506607929515
"683",1,0.1,0.1,0,10,0.04,0.08,5,0.154137931034483,0.1,2.55506607929515
"684",1,0.1,0.1,0,10,0.04,0.08,5,0.160689655172414,0.1,2.55506607929515
"685",1,0.1,0.1,0,10,0.04,0.08,5,0.167241379310345,0.1,2.55506607929515
"686",1,0.1,0.1,0,10,0.04,0.08,5,0.173793103448276,0.1,2.55506607929515
"687",1,0.1,0.1,0,10,0.04,0.08,5,0.180344827586207,0.1,2.55506607929515
"688",1,0.1,0.1,0,10,0.04,0.08,5,0.186896551724138,0.1,2.55506607929515
"689",1,0.1,0.1,0,10,0.04,0.08,5,0.193448275862069,0.1,2.55506607929515
"690",1,0.1,0.1,0,10,0.04,0.08,5,0.2,0.1,2.55506607929515
"691",1,0.1,0.1,0,10,0.04,0.08,5,0.01,0.1,2.45762711864407
"692",1,0.1,0.1,0,10,0.04,0.08,5,0.016551724137931,0.1,2.45762711864407
"693",1,0.1,0.1,0,10,0.04,0.08,5,0.0231034482758621,0.1,2.45762711864407
"694",1,0.1,0.1,0,10,0.04,0.08,5,0.0296551724137931,0.1,2.45762711864407
"695",1,0.1,0.1,0,10,0.04,0.08,5,0.0362068965517241,0.1,2.45762711864407
"696",1,0.1,0.1,0,10,0.04,0.08,5,0.0427586206896552,0.1,2.45762711864407
"697",1,0.1,0.1,0,10,0.04,0.08,5,0.0493103448275862,0.1,2.45762711864407
"698",1,0.1,0.1,0,10,0.04,0.08,5,0.0558620689655172,0.1,2.45762711864407
"699",1,0.1,0.1,0,10,0.04,0.08,5,0.0624137931034483,0.1,2.45762711864407
"700",1,0.1,0.1,0,10,0.04,0.08,5,0.0689655172413793,0.1,2.45762711864407
"701",1,0.1,0.1,0,10,0.04,0.08,5,0.0755172413793103,0.1,2.45762711864407
"702",1,0.1,0.1,0,10,0.04,0.08,5,0.0820689655172414,0.1,2.45762711864407
"703",1,0.1,0.1,0,10,0.04,0.08,5,0.0886206896551724,0.1,2.45762711864407
"704",1,0.1,0.1,0,10,0.04,0.08,5,0.0951724137931034,0.1,2.45762711864407
"705",1,0.1,0.1,0,10,0.04,0.08,5,0.101724137931034,0.1,2.45762711864407
"706",1,0.1,0.1,0,10,0.04,0.08,5,0.108275862068966,0.1,2.45762711864407
"707",1,0.1,0.1,0,10,0.04,0.08,5,0.114827586206897,0.1,2.45762711864407
"708",1,0.1,0.1,0,10,0.04,0.08,5,0.121379310344828,0.1,2.45762711864407
"709",1,0.1,0.1,0,10,0.04,0.08,5,0.127931034482759,0.1,2.45762711864407
"710",1,0.1,0.1,0,10,0.04,0.08,5,0.13448275862069,0.1,2.45762711864407
"711",1,0.1,0.1,0,10,0.04,0.08,5,0.141034482758621,0.1,2.45762711864407
"712",1,0.1,0.1,0,10,0.04,0.08,5,0.147586206896552,0.1,2.45762711864407
"713",1,0.1,0.1,0,10,0.04,0.08,5,0.154137931034483,0.1,2.45762711864407
"714",1,0.1,0.1,0,10,0.04,0.08,5,0.160689655172414,0.1,2.45762711864407
"715",1,0.1,0.1,0,10,0.04,0.08,5,0.167241379310345,0.1,2.45762711864407
"716",1,0.1,0.1,0,10,0.04,0.08,5,0.173793103448276,0.1,2.45762711864407
"717",1,0.1,0.1,0,10,0.04,0.08,5,0.180344827586207,0.1,2.45762711864407
"718",1,0.1,0.1,0,10,0.04,0.08,5,0.186896551724138,0.1,2.45762711864407
"719",1,0.1,0.1,0,10,0.04,0.08,5,0.193448275862069,0.1,2.45762711864407
"720",1,0.1,0.1,0,10,0.04,0.08,5,0.2,0.1,2.45762711864407
"721",1,0.1,0.1,0,10,0.04,0.08,5,0.01,0.1,2.36734693877551
"722",1,0.1,0.1,0,10,0.04,0.08,5,0.016551724137931,0.1,2.36734693877551
"723",1,0.1,0.1,0,10,0.04,0.08,5,0.0231034482758621,0.1,2.36734693877551
"724",1,0.1,0.1,0,10,0.04,0.08,5,0.0296551724137931,0.1,2.36734693877551
"725",1,0.1,0.1,0,10,0.04,0.08,5,0.0362068965517241,0.1,2.36734693877551
"726",1,0.1,0.1,0,10,0.04,0.08,5,0.0427586206896552,0.1,2.36734693877551
"727",1,0.1,0.1,0,10,0.04,0.08,5,0.0493103448275862,0.1,2.36734693877551
"728",1,0.1,0.1,0,10,0.04,0.08,5,0.0558620689655172,0.1,2.36734693877551
"729",1,0.1,0.1,0,10,0.04,0.08,5,0.0624137931034483,0.1,2.36734693877551
"730",1,0.1,0.1,0,10,0.04,0.08,5,0.0689655172413793,0.1,2.36734693877551
"731",1,0.1,0.1,0,10,0.04,0.08,5,0.0755172413793103,0.1,2.36734693877551
"732",1,0.1,0.1,0,10,0.04,0.08,5,0.0820689655172414,0.1,2.36734693877551
"733",1,0.1,0.1,0,10,0.04,0.08,5,0.0886206896551724,0.1,2.36734693877551
"734",1,0.1,0.1,0,10,0.04,0.08,5,0.0951724137931034,0.1,2.36734693877551
"735",1,0.1,0.1,0,10,0.04,0.08,5,0.101724137931034,0.1,2.36734693877551
"736",1,0.1,0.1,0,10,0.04,0.08,5,0.108275862068966,0.1,2.36734693877551
"737",1,0.1,0.1,0,10,0.04,0.08,5,0.114827586206897,0.1,2.36734693877551
"738",1,0.1,0.1,0,10,0.04,0.08,5,0.121379310344828,0.1,2.36734693877551
"739",1,0.1,0.1,0,10,0.04,0.08,5,0.127931034482759,0.1,2.36734693877551
"740",1,0.1,0.1,0,10,0.04,0.08,5,0.13448275862069,0.1,2.36734693877551
"741",1,0.1,0.1,0,10,0.04,0.08,5,0.141034482758621,0.1,2.36734693877551
"742",1,0.1,0.1,0,10,0.04,0.08,5,0.147586206896552,0.1,2.36734693877551
"743",1,0.1,0.1,0,10,0.04,0.08,5,0.154137931034483,0.1,2.36734693877551
"744",1,0.1,0.1,0,10,0.04,0.08,5,0.160689655172414,0.1,2.36734693877551
"745",1,0.1,0.1,0,10,0.04,0.08,5,0.167241379310345,0.1,2.36734693877551
"746",1,0.1,0.1,0,10,0.04,0.08,5,0.173793103448276,0.1,2.36734693877551
"747",1,0.1,0.1,0,10,0.04,0.08,5,0.180344827586207,0.1,2.36734693877551
"748",1,0.1,0.1,0,10,0.04,0.08,5,0.186896551724138,0.1,2.36734693877551
"749",1,0.1,0.1,0,10,0.04,0.08,5,0.193448275862069,0.1,2.36734693877551
"750",1,0.1,0.1,0,10,0.04,0.08,5,0.2,0.1,2.36734693877551
"751",1,0.1,0.1,0,10,0.04,0.08,5,0.01,0.1,2.28346456692913
"752",1,0.1,0.1,0,10,0.04,0.08,5,0.016551724137931,0.1,2.28346456692913
"753",1,0.1,0.1,0,10,0.04,0.08,5,0.0231034482758621,0.1,2.28346456692913
"754",1,0.1,0.1,0,10,0.04,0.08,5,0.0296551724137931,0.1,2.28346456692913
"755",1,0.1,0.1,0,10,0.04,0.08,5,0.0362068965517241,0.1,2.28346456692913
"756",1,0.1,0.1,0,10,0.04,0.08,5,0.0427586206896552,0.1,2.28346456692913
"757",1,0.1,0.1,0,10,0.04,0.08,5,0.0493103448275862,0.1,2.28346456692913
"758",1,0.1,0.1,0,10,0.04,0.08,5,0.0558620689655172,0.1,2.28346456692913
"759",1,0.1,0.1,0,10,0.04,0.08,5,0.0624137931034483,0.1,2.28346456692913
"760",1,0.1,0.1,0,10,0.04,0.08,5,0.0689655172413793,0.1,2.28346456692913
"761",1,0.1,0.1,0,10,0.04,0.08,5,0.0755172413793103,0.1,2.28346456692913
"762",1,0.1,0.1,0,10,0.04,0.08,5,0.0820689655172414,0.1,2.28346456692913
"763",1,0.1,0.1,0,10,0.04,0.08,5,0.0886206896551724,0.1,2.28346456692913
"764",1,0.1,0.1,0,10,0.04,0.08,5,0.0951724137931034,0.1,2.28346456692913
"765",1,0.1,0.1,0,10,0.04,0.08,5,0.101724137931034,0.1,2.28346456692913
"766",1,0.1,0.1,0,10,0.04,0.08,5,0.108275862068966,0.1,2.28346456692913
"767",1,0.1,0.1,0,10,0.04,0.08,5,0.114827586206897,0.1,2.28346456692913
"768",1,0.1,0.1,0,10,0.04,0.08,5,0.121379310344828,0.1,2.28346456692913
"769",1,0.1,0.1,0,10,0.04,0.08,5,0.127931034482759,0.1,2.28346456692913
"770",1,0.1,0.1,0,10,0.04,0.08,5,0.13448275862069,0.1,2.28346456692913
"771",1,0.1,0.1,0,10,0.04,0.08,5,0.141034482758621,0.1,2.28346456692913
"772",1,0.1,0.1,0,10,0.04,0.08,5,0.147586206896552,0.1,2.28346456692913
"773",1,0.1,0.1,0,10,0.04,0.08,5,0.154137931034483,0.1,2.28346456692913
"774",1,0.1,0.1,0,10,0.04,0.08,5,0.160689655172414,0.1,2.28346456692913
"775",1,0.1,0.1,0,10,0.04,0.08,5,0.167241379310345,0.1,2.28346456692913
"776",1,0.1,0.1,0,10,0.04,0.08,5,0.173793103448276,0.1,2.28346456692913
"777",1,0.1,0.1,0,10,0.04,0.08,5,0.180344827586207,0.1,2.28346456692913
"778",1,0.1,0.1,0,10,0.04,0.08,5,0.186896551724138,0.1,2.28346456692913
"779",1,0.1,0.1,0,10,0.04,0.08,5,0.193448275862069,0.1,2.28346456692913
"780",1,0.1,0.1,0,10,0.04,0.08,5,0.2,0.1,2.28346456692913
"781",1,0.1,0.1,0,10,0.04,0.08,5,0.01,0.1,2.20532319391635
"782",1,0.1,0.1,0,10,0.04,0.08,5,0.016551724137931,0.1,2.20532319391635
"783",1,0.1,0.1,0,10,0.04,0.08,5,0.0231034482758621,0.1,2.20532319391635
"784",1,0.1,0.1,0,10,0.04,0.08,5,0.0296551724137931,0.1,2.20532319391635
"785",1,0.1,0.1,0,10,0.04,0.08,5,0.0362068965517241,0.1,2.20532319391635
"786",1,0.1,0.1,0,10,0.04,0.08,5,0.0427586206896552,0.1,2.20532319391635
"787",1,0.1,0.1,0,10,0.04,0.08,5,0.0493103448275862,0.1,2.20532319391635
"788",1,0.1,0.1,0,10,0.04,0.08,5,0.0558620689655172,0.1,2.20532319391635
"789",1,0.1,0.1,0,10,0.04,0.08,5,0.0624137931034483,0.1,2.20532319391635
"790",1,0.1,0.1,0,10,0.04,0.08,5,0.0689655172413793,0.1,2.20532319391635
"791",1,0.1,0.1,0,10,0.04,0.08,5,0.0755172413793103,0.1,2.20532319391635
"792",1,0.1,0.1,0,10,0.04,0.08,5,0.0820689655172414,0.1,2.20532319391635
"793",1,0.1,0.1,0,10,0.04,0.08,5,0.0886206896551724,0.1,2.20532319391635
"794",1,0.1,0.1,0,10,0.04,0.08,5,0.0951724137931034,0.1,2.20532319391635
"795",1,0.1,0.1,0,10,0.04,0.08,5,0.101724137931034,0.1,2.20532319391635
"796",1,0.1,0.1,0,10,0.04,0.08,5,0.108275862068966,0.1,2.20532319391635
"797",1,0.1,0.1,0,10,0.04,0.08,5,0.114827586206897,0.1,2.20532319391635
"798",1,0.1,0.1,0,10,0.04,0.08,5,0.121379310344828,0.1,2.20532319391635
"799",1,0.1,0.1,0,10,0.04,0.08,5,0.127931034482759,0.1,2.20532319391635
"800",1,0.1,0.1,0,10,0.04,0.08,5,0.13448275862069,0.1,2.20532319391635
"801",1,0.1,0.1,0,10,0.04,0.08,5,0.141034482758621,0.1,2.20532319391635
"802",1,0.1,0.1,0,10,0.04,0.08,5,0.147586206896552,0.1,2.20532319391635
"803",1,0.1,0.1,0,10,0.04,0.08,5,0.154137931034483,0.1,2.20532319391635
"804",1,0.1,0.1,0,10,0.04,0.08,5,0.160689655172414,0.1,2.20532319391635
"805",1,0.1,0.1,0,10,0.04,0.08,5,0.167241379310345,0.1,2.20532319391635
"806",1,0.1,0.1,0,10,0.04,0.08,5,0.173793103448276,0.1,2.20532319391635
"807",1,0.1,0.1,0,10,0.04,0.08,5,0.180344827586207,0.1,2.20532319391635
"808",1,0.1,0.1,0,10,0.04,0.08,5,0.186896551724138,0.1,2.20532319391635
"809",1,0.1,0.1,0,10,0.04,0.08,5,0.193448275862069,0.1,2.20532319391635
"810",1,0.1,0.1,0,10,0.04,0.08,5,0.2,0.1,2.20532319391635
"811",1,0.1,0.1,0,10,0.04,0.08,5,0.01,0.1,2.13235294117647
"812",1,0.1,0.1,0,10,0.04,0.08,5,0.016551724137931,0.1,2.13235294117647
"813",1,0.1,0.1,0,10,0.04,0.08,5,0.0231034482758621,0.1,2.13235294117647
"814",1,0.1,0.1,0,10,0.04,0.08,5,0.0296551724137931,0.1,2.13235294117647
"815",1,0.1,0.1,0,10,0.04,0.08,5,0.0362068965517241,0.1,2.13235294117647
"816",1,0.1,0.1,0,10,0.04,0.08,5,0.0427586206896552,0.1,2.13235294117647
"817",1,0.1,0.1,0,10,0.04,0.08,5,0.0493103448275862,0.1,2.13235294117647
"818",1,0.1,0.1,0,10,0.04,0.08,5,0.0558620689655172,0.1,2.13235294117647
"819",1,0.1,0.1,0,10,0.04,0.08,5,0.0624137931034483,0.1,2.13235294117647
"820",1,0.1,0.1,0,10,0.04,0.08,5,0.0689655172413793,0.1,2.13235294117647
"821",1,0.1,0.1,0,10,0.04,0.08,5,0.0755172413793103,0.1,2.13235294117647
"822",1,0.1,0.1,0,10,0.04,0.08,5,0.0820689655172414,0.1,2.13235294117647
"823",1,0.1,0.1,0,10,0.04,0.08,5,0.0886206896551724,0.1,2.13235294117647
"824",1,0.1,0.1,0,10,0.04,0.08,5,0.0951724137931034,0.1,2.13235294117647
"825",1,0.1,0.1,0,10,0.04,0.08,5,0.101724137931034,0.1,2.13235294117647
"826",1,0.1,0.1,0,10,0.04,0.08,5,0.108275862068966,0.1,2.13235294117647
"827",1,0.1,0.1,0,10,0.04,0.08,5,0.114827586206897,0.1,2.13235294117647
"828",1,0.1,0.1,0,10,0.04,0.08,5,0.121379310344828,0.1,2.13235294117647
"829",1,0.1,0.1,0,10,0.04,0.08,5,0.127931034482759,0.1,2.13235294117647
"830",1,0.1,0.1,0,10,0.04,0.08,5,0.13448275862069,0.1,2.13235294117647
"831",1,0.1,0.1,0,10,0.04,0.08,5,0.141034482758621,0.1,2.13235294117647
"832",1,0.1,0.1,0,10,0.04,0.08,5,0.147586206896552,0.1,2.13235294117647
"833",1,0.1,0.1,0,10,0.04,0.08,5,0.154137931034483,0.1,2.13235294117647
"834",1,0.1,0.1,0,10,0.04,0.08,5,0.160689655172414,0.1,2.13235294117647
"835",1,0.1,0.1,0,10,0.04,0.08,5,0.167241379310345,0.1,2.13235294117647
"836",1,0.1,0.1,0,10,0.04,0.08,5,0.173793103448276,0.1,2.13235294117647
"837",1,0.1,0.1,0,10,0.04,0.08,5,0.180344827586207,0.1,2.13235294117647
"838",1,0.1,0.1,0,10,0.04,0.08,5,0.186896551724138,0.1,2.13235294117647
"839",1,0.1,0.1,0,10,0.04,0.08,5,0.193448275862069,0.1,2.13235294117647
"840",1,0.1,0.1,0,10,0.04,0.08,5,0.2,0.1,2.13235294117647
"841",1,0.1,0.1,0,10,0.04,0.08,5,0.01,0.1,2.06405693950178
"842",1,0.1,0.1,0,10,0.04,0.08,5,0.016551724137931,0.1,2.06405693950178
"843",1,0.1,0.1,0,10,0.04,0.08,5,0.0231034482758621,0.1,2.06405693950178
"844",1,0.1,0.1,0,10,0.04,0.08,5,0.0296551724137931,0.1,2.06405693950178
"845",1,0.1,0.1,0,10,0.04,0.08,5,0.0362068965517241,0.1,2.06405693950178
"846",1,0.1,0.1,0,10,0.04,0.08,5,0.0427586206896552,0.1,2.06405693950178
"847",1,0.1,0.1,0,10,0.04,0.08,5,0.0493103448275862,0.1,2.06405693950178
"848",1,0.1,0.1,0,10,0.04,0.08,5,0.0558620689655172,0.1,2.06405693950178
"849",1,0.1,0.1,0,10,0.04,0.08,5,0.0624137931034483,0.1,2.06405693950178
"850",1,0.1,0.1,0,10,0.04,0.08,5,0.0689655172413793,0.1,2.06405693950178
"851",1,0.1,0.1,0,10,0.04,0.08,5,0.0755172413793103,0.1,2.06405693950178
"852",1,0.1,0.1,0,10,0.04,0.08,5,0.0820689655172414,0.1,2.06405693950178
"853",1,0.1,0.1,0,10,0.04,0.08,5,0.0886206896551724,0.1,2.06405693950178
"854",1,0.1,0.1,0,10,0.04,0.08,5,0.0951724137931034,0.1,2.06405693950178
"855",1,0.1,0.1,0,10,0.04,0.08,5,0.101724137931034,0.1,2.06405693950178
"856",1,0.1,0.1,0,10,0.04,0.08,5,0.108275862068966,0.1,2.06405693950178
"857",1,0.1,0.1,0,10,0.04,0.08,5,0.114827586206897,0.1,2.06405693950178
"858",1,0.1,0.1,0,10,0.04,0.08,5,0.121379310344828,0.1,2.06405693950178
"859",1,0.1,0.1,0,10,0.04,0.08,5,0.127931034482759,0.1,2.06405693950178
"860",1,0.1,0.1,0,10,0.04,0.08,5,0.13448275862069,0.1,2.06405693950178
"861",1,0.1,0.1,0,10,0.04,0.08,5,0.141034482758621,0.1,2.06405693950178
"862",1,0.1,0.1,0,10,0.04,0.08,5,0.147586206896552,0.1,2.06405693950178
"863",1,0.1,0.1,0,10,0.04,0.08,5,0.154137931034483,0.1,2.06405693950178
"864",1,0.1,0.1,0,10,0.04,0.08,5,0.160689655172414,0.1,2.06405693950178
"865",1,0.1,0.1,0,10,0.04,0.08,5,0.167241379310345,0.1,2.06405693950178
"866",1,0.1,0.1,0,10,0.04,0.08,5,0.173793103448276,0.1,2.06405693950178
"867",1,0.1,0.1,0,10,0.04,0.08,5,0.180344827586207,0.1,2.06405693950178
"868",1,0.1,0.1,0,10,0.04,0.08,5,0.186896551724138,0.1,2.06405693950178
"869",1,0.1,0.1,0,10,0.04,0.08,5,0.193448275862069,0.1,2.06405693950178
"870",1,0.1,0.1,0,10,0.04,0.08,5,0.2,0.1,2.06405693950178
"871",1,0.1,0.1,0,10,0.04,0.08,5,0.01,0.1,2
"872",1,0.1,0.1,0,10,0.04,0.08,5,0.016551724137931,0.1,2
"873",1,0.1,0.1,0,10,0.04,0.08,5,0.0231034482758621,0.1,2
"874",1,0.1,0.1,0,10,0.04,0.08,5,0.0296551724137931,0.1,2
"875",1,0.1,0.1,0,10,0.04,0.08,5,0.0362068965517241,0.1,2
"876",1,0.1,0.1,0,10,0.04,0.08,5,0.0427586206896552,0.1,2
"877",1,0.1,0.1,0,10,0.04,0.08,5,0.0493103448275862,0.1,2
"878",1,0.1,0.1,0,10,0.04,0.08,5,0.0558620689655172,0.1,2
"879",1,0.1,0.1,0,10,0.04,0.08,5,0.0624137931034483,0.1,2
"880",1,0.1,0.1,0,10,0.04,0.08,5,0.0689655172413793,0.1,2
"881",1,0.1,0.1,0,10,0.04,0.08,5,0.0755172413793103,0.1,2
"882",1,0.1,0.1,0,10,0.04,0.08,5,0.0820689655172414,0.1,2
"883",1,0.1,0.1,0,10,0.04,0.08,5,0.0886206896551724,0.1,2
"884",1,0.1,0.1,0,10,0.04,0.08,5,0.0951724137931034,0.1,2
"885",1,0.1,0.1,0,10,0.04,0.08,5,0.101724137931034,0.1,2
"886",1,0.1,0.1,0,10,0.04,0.08,5,0.108275862068966,0.1,2
"887",1,0.1,0.1,0,10,0.04,0.08,5,0.114827586206897,0.1,2
"888",1,0.1,0.1,0,10,0.04,0.08,5,0.121379310344828,0.1,2
"889",1,0.1,0.1,0,10,0.04,0.08,5,0.127931034482759,0.1,2
"890",1,0.1,0.1,0,10,0.04,0.08,5,0.13448275862069,0.1,2
"891",1,0.1,0.1,0,10,0.04,0.08,5,0.141034482758621,0.1,2
"892",1,0.1,0.1,0,10,0.04,0.08,5,0.147586206896552,0.1,2
"893",1,0.1,0.1,0,10,0.04,0.08,5,0.154137931034483,0.1,2
"894",1,0.1,0.1,0,10,0.04,0.08,5,0.160689655172414,0.1,2
"895",1,0.1,0.1,0,10,0.04,0.08,5,0.167241379310345,0.1,2
"896",1,0.1,0.1,0,10,0.04,0.08,5,0.173793103448276,0.1,2
"897",1,0.1,0.1,0,10,0.04,0.08,5,0.180344827586207,0.1,2
"898",1,0.1,0.1,0,10,0.04,0.08,5,0.186896551724138,0.1,2
"899",1,0.1,0.1,0,10,0.04,0.08,5,0.193448275862069,0.1,2
"900",1,0.1,0.1,0,10,0.04,0.08,5,0.2,0.1,2
